type,hour,transactions,fraud_transactions,fraud_rate
TRANSFER,7,1048,164.0,0.15648854961832062
CASH_OUT,2,1256,186.0,0.1480891719745223
CASH_OUT,7,1494,164.0,0.10977242302543508
TRANSFER,1,2107,178.0,0.08448030374940674
TRANSFER,8,2643,184.0,0.06961785849413545
CASH_OUT,1,3898,180.0,0.046177526936890714
TRANSFER,0,6217,150.0,0.024127392633102783
CASH_OUT,8,7659,184.0,0.024024024024024024
TRANSFER,23,11866,162.0,0.013652452384965447
CASH_OUT,0,11997,150.0,0.012503125781445362
TRANSFER,22,16790,175.0,0.01042287075640262
TRANSFER,21,20526,173.0,0.00842833479489428
TRANSFER,9,25203,171.0,0.006784906558743007
CASH_OUT,23,26168,161.0,0.00615255273616631
TRANSFER,10,36042,187.0,0.005188391321236336
TRANSFER,17,36891,176.0,0.004770811308991353
TRANSFER,15,36332,169.0,0.004651546845755808
TRANSFER,14,37789,175.0,0.004630977268517293
TRANSFER,16,39263,172.0,0.004380714667753355
TRANSFER,11,37393,162.0,0.00433236167197069
