day,transactions,fraud_transactions,fraud_rate
0,182111,141.0,0.0007742530654381119
1,477940,257.0,0.0005377244005523706
2,370336,316.0,0.0008532791843083038
3,290,290.0,1.0
4,28939,286.0,0.009882857044127303
5,101809,218.0,0.002141264524747321
6,456213,272.0,0.000596212733964179
7,390675,256.0,0.000655276124656044
8,496813,242.0,0.0004871048060336585
9,372780,277.0,0.0007430656151081067
10,441245,298.0,0.0006753617604732065
11,343744,268.0,0.0007796499720722399
12,410755,280.0,0.0006816715560370538
13,389937,242.0,0.0006206130733939073
14,422531,226.0,0.0005348719975575756
15,370255,276.0,0.0007454322021309637
16,412520,268.0,0.0006496654707650538
17,322823,316.0,0.000978864579041766
18,19157,272.0,0.01419846531294044
19,10491,240.0,0.02287675150128682
20,28337,236.0,0.00832833398030843
21,24364,252.0,0.010343129207026762
22,53374,262.0,0.0049087570727320414
23,44586,238.0,0.005337998474857579
24,42216,284.0,0.006727307182111048
25,48040,226.0,0.0047044129891756865
26,10927,276.0,0.025258533906836276
27,13114,270.0,0.020588683849321335
28,21917,240.0,0.010950403796139983
29,45691,278.0,0.006084349215381585
30,8566,286.0,0.03338781228111137
31,124,124.0,1.0
