feature,importance,signed_value,feature_set,model
numeric__org_jump_ratio,0.13356646646906947,0.13356646646906947,post_transaction,random_forest
numeric__abs_org_residual,0.10024226434899976,0.10024226434899976,post_transaction,random_forest
numeric__balance_diff_zero,0.09274334707384663,0.09274334707384663,post_transaction,random_forest
numeric__newbalanceOrig,0.09037214808336654,0.09037214808336654,post_transaction,random_forest
numeric__amount_ratio_org,0.09029171302914016,0.09029171302914016,post_transaction,random_forest
numeric__org_residual_flag,0.08015165497283461,0.08015165497283461,post_transaction,random_forest
numeric__org_delta,0.07019788611460547,0.07019788611460547,post_transaction,random_forest
numeric__org_residual,0.06958623937312236,0.06958623937312236,post_transaction,random_forest
numeric__amount_over_oldbalance_org,0.04356134867966364,0.04356134867966364,post_transaction,random_forest
numeric__rel_org_residual,0.043209083660195546,0.043209083660195546,post_transaction,random_forest
numeric__dest_is_merchant,0.0308470343522452,0.0308470343522452,post_transaction,random_forest
numeric__dest_is_customer,0.025609085355900292,0.025609085355900292,post_transaction,random_forest
categorical__type_PAYMENT,0.025488361735734953,0.025488361735734953,post_transaction,random_forest
numeric__oldbalanceOrg,0.021851733406949424,0.021851733406949424,post_transaction,random_forest
numeric__amount,0.01610852237255816,0.01610852237255816,post_transaction,random_forest
numeric__log_amount,0.01426612966682499,0.01426612966682499,post_transaction,random_forest
numeric__rel_dest_residual,0.009561944152925337,0.009561944152925337,post_transaction,random_forest
numeric__is_TRANSFER,0.00582016309093922,0.00582016309093922,post_transaction,random_forest
categorical__type_TRANSFER,0.005111327957287232,0.005111327957287232,post_transaction,random_forest
numeric__dest_residual,0.004916499493982367,0.004916499493982367,post_transaction,random_forest
numeric__dest_delta,0.0044753841797406215,0.0044753841797406215,post_transaction,random_forest
numeric__hour,0.00366786211805277,0.00366786211805277,post_transaction,random_forest
numeric__is_CASH_OUT,0.003438162020573796,0.003438162020573796,post_transaction,random_forest
categorical__type_CASH_OUT,0.0031820571665908083,0.0031820571665908083,post_transaction,random_forest
numeric__abs_dest_residual,0.002788790776902633,0.002788790776902633,post_transaction,random_forest
numeric__oldbalanceDest,0.0015811300101607425,0.0015811300101607425,post_transaction,random_forest
categorical__type_CASH_IN,0.0015745157450629604,0.0015745157450629604,post_transaction,random_forest
numeric__newbalanceDest,0.001559082337445431,0.001559082337445431,post_transaction,random_forest
numeric__dest_jump_ratio,0.001172779742325087,0.001172779742325087,post_transaction,random_forest
numeric__step,0.001132743183676496,0.001132743183676496,post_transaction,random_forest
numeric__dest_residual_flag,0.0006319948646868524,0.0006319948646868524,post_transaction,random_forest
categorical__type_DEBIT,0.0004569696727985971,0.0004569696727985971,post_transaction,random_forest
numeric__day,0.00030340523497945015,0.00030340523497945015,post_transaction,random_forest
numeric__is_night,0.000302932823940717,0.000302932823940717,post_transaction,random_forest
numeric__errorBalanceDest_negative,0.0002292367328717153,0.0002292367328717153,post_transaction,random_forest
