model,feature_set,threshold,precision,recall,f1,alert_rate
logistic_regression,pre_transaction,0.1,0.23144799652828005,1.0,0.3758956889463174,0.06674519421084646
logistic_regression,pre_transaction,0.25,0.2358602309742375,0.995625,0.3813741920038305,0.06521004508897106
logistic_regression,pre_transaction,0.5,0.24534113660865547,0.995625,0.39367354503892255,0.06269008332287372
logistic_regression,pre_transaction,0.75,0.28036383092562867,0.9825,0.4362425419730817,0.054135730354436
logistic_regression,pre_transaction,0.975,0.8800358102059087,0.614375,0.7235921972764078,0.010784663956822723
random_forest,pre_transaction,0.1,0.5312084993359893,1.0,0.6938421509106678,0.02908093808231875
random_forest,pre_transaction,0.25,0.9433628318584071,0.999375,0.9705614567526556,0.016365268940747107
random_forest,pre_transaction,0.5,0.989480198019802,0.999375,0.9944029850746269,0.015602521892771282
random_forest,pre_transaction,0.75,0.998125,0.998125,0.998125,0.015448041477991368
random_forest,pre_transaction,0.885,1.0,0.993125,0.9965506428347445,0.015341836192830178
xgboost,pre_transaction,0.1,0.9833948339483395,0.999375,0.9913205207687539,0.015699072152008726
xgboost,pre_transaction,0.25,0.986428130783467,0.999375,0.9928593604470661,0.015650797022390004
xgboost,pre_transaction,0.5,0.9876466954910439,0.999375,0.9934762348555451,0.015631486970542514
xgboost,pre_transaction,0.75,0.988257107540173,0.999375,0.9937849596022374,0.015621831944618771
xgboost,pre_transaction,0.99,0.988257107540173,0.999375,0.9937849596022374,0.015621831944618771
logistic_regression,post_transaction,0.1,0.2467953667953668,0.99875,0.3957894736842105,0.06251629285624632
logistic_regression,post_transaction,0.25,0.25983739837398373,0.99875,0.41238709677419355,0.05937840943102932
logistic_regression,post_transaction,0.5,0.287100251527129,0.99875,0.44599497627686296,0.053739874291562476
logistic_regression,post_transaction,0.75,0.49160063391442155,0.969375,0.6523659305993691,0.03046160678941423
logistic_regression,post_transaction,0.985,0.9652317880794702,0.72875,0.8304843304843305,0.011663271315883484
random_forest,post_transaction,0.1,0.9726443768996961,1.0,0.9861325115562404,0.015882517644559876
random_forest,post_transaction,0.25,0.99812734082397,0.999375,0.9987507807620237,0.015467351529838858
random_forest,post_transaction,0.5,1.0,0.999375,0.9996874023132228,0.015438386452067623
random_forest,post_transaction,0.695,1.0,0.999375,0.9996874023132228,0.015438386452067623
random_forest,post_transaction,0.75,1.0,0.9975,0.9987484355444305,0.01540942137429639
xgboost,post_transaction,0.08,0.9987515605493134,1.0,0.9993753903810119,0.015467351529838858
xgboost,post_transaction,0.1,0.9993753903810119,1.0,0.999687597625742,0.015457696503915113
xgboost,post_transaction,0.25,1.0,1.0,1.0,0.015448041477991368
xgboost,post_transaction,0.5,1.0,0.999375,0.9996874023132228,0.015438386452067623
xgboost,post_transaction,0.75,1.0,0.999375,0.9996874023132228,0.015438386452067623
